INSERT INTO animals VALUES (1, 'Agumon', '02-03-2020', 0, TRUE, 10.23);
INSERT INTO animals VALUES (2, 'Gabumon', '15-11-2018', 2, TRUE, 8);
INSERT INTO animals VALUES (3, 'Pikachu', '07-01-2021', 1, FALSE, 15.04);
INSERT INTO animals VALUES (4, 'Devimon', '12-05-2017', 5, TRUE, 11);

INSERT INTO animals VALUES (5, 'Charmander', '08-02-2020', 0, FALSE, -11);
INSERT INTO animals VALUES (6, 'Plantmon', '15-11-2020', 2, TRUE, -5.7);
INSERT INTO animals VALUES (7, 'Squirtle', '02-04-1993', 3, FALSE, -12.13);
INSERT INTO animals VALUES (8, 'Angemon', '12-01-2005', 1, TRUE, -45);
INSERT INTO animals VALUES (9, 'Boarmon', '07-01-2005', 7, TRUE, 20.4);
INSERT INTO animals VALUES (10, 'Blossom', '13-10-1998', 3, TRUE, 17);

INSERT INTO specialization (VETS_ID, SPECIES_ID) VALUES (1,1);
INSERT INTO specialization (VETS_ID, SPECIES_ID) VALUES (3,1);
INSERT INTO specialization (VETS_ID, SPECIES_ID) VALUES (3,2);
INSERT INTO specialization (VETS_ID, SPECIES_ID) VALUES (4,2);

INSERT INTO visits (ANIMALS_ID, VETS_ID, DATE_OF_VIST) VALUES (1, 1, '24-05-2020');
INSERT INTO visits (ANIMALS_ID, VETS_ID, DATE_OF_VIST) VALUES (1, 3, '22-07-2020');
INSERT INTO visits (ANIMALS_ID, VETS_ID, DATE_OF_VIST) VALUES (2, 4, '02-02-2021');
INSERT INTO visits (ANIMALS_ID, VETS_ID, DATE_OF_VIST) VALUES (5, 2, '05-01-2020');
INSERT INTO visits (ANIMALS_ID, VETS_ID, DATE_OF_VIST) VALUES (5, 2, '08-03-2020');
INSERT INTO visits (ANIMALS_ID, VETS_ID, DATE_OF_VIST) VALUES (5, 2, '14-05-2020');
INSERT INTO visits (ANIMALS_ID, VETS_ID, DATE_OF_VIST) VALUES (3, 3, '04-05-2021');
INSERT INTO visits (ANIMALS_ID, VETS_ID, DATE_OF_VIST) VALUES (9, 4, '24-02-2021');
INSERT INTO visits (ANIMALS_ID, VETS_ID, DATE_OF_VIST) VALUES (7, 2, '21-12-2019');
INSERT INTO visits (ANIMALS_ID, VETS_ID, DATE_OF_VIST) VALUES (7, 1, '10-08-2020');
INSERT INTO visits (ANIMALS_ID, VETS_ID, DATE_OF_VIST) VALUES (7, 2, '07-04-2021');
INSERT INTO visits (ANIMALS_ID, VETS_ID, DATE_OF_VIST) VALUES (10, 3, '29-09-2019');
INSERT INTO visits (ANIMALS_ID, VETS_ID, DATE_OF_VIST) VALUES (1, 4, '03-10-2020');
INSERT INTO visits (ANIMALS_ID, VETS_ID, DATE_OF_VIST) VALUES (1, 4, '04-11-2020');
INSERT INTO visits (ANIMALS_ID, VETS_ID, DATE_OF_VIST) VALUES (4, 2, '24-01-2019');
INSERT INTO visits (ANIMALS_ID, VETS_ID, DATE_OF_VIST) VALUES (4, 2, '15-05-2019');
INSERT INTO visits (ANIMALS_ID, VETS_ID, DATE_OF_VIST) VALUES (4, 2, '27-02-2019');
INSERT INTO visits (ANIMALS_ID, VETS_ID, DATE_OF_VIST) VALUES (4, 2, '03-08-2020');
INSERT INTO visits (ANIMALS_ID, VETS_ID, DATE_OF_VIST) VALUES (6, 3, '24-05-2020');
INSERT INTO visits (ANIMALS_ID, VETS_ID, DATE_OF_VIST) VALUES (6, 1, '11-01-2021');
